{
  "bond_eq": {
    "[#6X3:1]:[#6X3:2]": [
      0.13946476481015121,
      0.13993698605602914,
      0.14004142256126692,
      0.1397789519871026,
      0.13998991726853044,
      0.14133440471651623
    ],
    "[#6X3:1]-[#1:2]": [
      0.10859712723838164,
      0.10868576693188321,
      0.1087799566567191,
      0.10865812729096964,
      0.10839354699385972,
      0.10833917844201686,
      0.10847586577230586
    ],
    "[#6X3:1]-[#6X3:2]": [
      0.14210179351460298,
      0.14468180522234447,
      0.1487060376670201
    ],
    "[#6X3:1]=[#6X3:2]": [
      0.13671518722463916,
      0.13748351697126887
    ],
    "[#6X3a:1]-[#8X2H0:2]": [
      0.13654355145877167
    ],
    "[#6X3:1]-[#7X3:2]": [
      0.13770703137529444
    ],
    "[#6X3:1](=[#8X1+0])-[#7X3:2]": [
      0.14208263525395828
    ],
    "[#6:1]=[#8X1+0,#8X2+1:2]": [
      0.1237518699051611
    ],
    "[#6X4:1]-[#7X3:2]-[#6X3]=[#8X1+0]": [
      0.1466529378592879
    ],
    "[#6X4:1]-[#1:2]": [
      0.10903008114259949,
      0.10903008114259949,
      0.10903008114259949,
      0.10944976172893124,
      0.10944976172893124,
      0.10944976172893124
    ],
    "[#6X4:1]-[#8X2H0:2]": [
      0.1425412051189181
    ]
  },
  "bond_k": {
    "[#6X3:1]:[#6X3:2]": [
      336580.1283417685,
      325968.26633468777,
      327817.67409842176,
      323641.5872271536,
      308406.87470696995,
      279534.2865146828
    ],
    "[#6X3:1]-[#1:2]": [
      322818.7395978147,
      321079.62728875154,
      319138.6543686619,
      321470.7497082878,
      325013.06193009263,
      329201.4097490706,
      328647.4469518709
    ],
    "[#6X3:1]-[#6X3:2]": [
      293131.675890939,
      242086.45131564076,
      217908.6120672485
    ],
    "[#6X3:1]=[#6X3:2]": [
      412985.4418449998,
      364826.8694769968
    ],
    "[#6X3a:1]-[#8X2H0:2]": [
      280112.9563826972
    ],
    "[#6X3:1]-[#7X3:2]": [
      281751.9512281078
    ],
    "[#6X3:1](=[#8X1+0])-[#7X3:2]": [
      189935.3823677222
    ],
    "[#6:1]=[#8X1+0,#8X2+1:2]": [
      578039.1484684929
    ],
    "[#6X4:1]-[#7X3:2]-[#6X3]=[#8X1+0]": [
      192932.87097995417
    ],
    "[#6X4:1]-[#1:2]": [
      308139.25839761324,
      308139.25839761324,
      308139.25839761324,
      300716.287161221,
      300716.287161221,
      300716.287161221
    ],
    "[#6X4:1]-[#8X2H0:2]": [
      213861.04727278693
    ]
  },
  "angle_eq": {
    "[*:1]~[#6X3:2]~[*:3]": [
      2.1057589145171107,
      2.1164101353610296,
      2.0809040797359817,
      2.0911290748539417,
      2.084950838113362,
      2.1207520321935913,
      2.0752525292433597,
      2.0967734399268374,
      2.0968208809973605,
      2.1685505106233114,
      2.103327227058243,
      2.093628057265968,
      2.0987449987740923,
      2.0095862382249763,
      2.183819900720386,
      2.0177964460140805,
      2.090812249583707,
      2.1100048368755013,
      2.0896763159423086
    ],
    "[#1:1]-[#6X3:2]~[*:3]": [
      2.0976127115488614,
      2.098829983702674,
      2.104525764093703,
      2.0845111317035045,
      2.1209143053131205,
      2.138508676732398,
      2.097748042155834,
      2.0798109987236733,
      2.084298090764436,
      2.09547515832183,
      2.0678789520754175,
      2.107509800657335,
      2.0766367639541374,
      2.0238932832158767
    ],
    "[*:1]-[#8:2]-[*:3]": [
      2.0667943818100367
    ],
    "[*:1]~[#7X3$(*~[#6X3,#6X2,#7X2+0]):2]~[*:3]": [
      2.1469348404042026,
      2.130458762427262,
      2.005784739710891
    ],
    "[*:1]~[#6X4:2]-[*:3]": [
      1.9097654028710547,
      1.9097654028710547,
      1.9097654028710547,
      1.9095707023440902,
      1.9095707023440902,
      1.9095707023440902
    ],
    "[#1:1]-[#6X4:2]-[#1:3]": [
      1.9114413339189362,
      1.9114413339189362,
      1.9114413339189362,
      1.9112498663031854,
      1.9112498663031854,
      1.9112498663031854
    ]
  },
  "angle_k": {
    "[*:1]~[#6X3:2]~[*:3]": [
      815.7943923281751,
      790.5987105978764,
      817.6607015956828,
      780.8385892074942,
      728.0546117018373,
      671.8192454830265,
      738.3332310589165,
      703.1840521376006,
      984.0196043854113,
      730.2290737779041,
      748.4994944795933,
      651.217004289112,
      743.0132246791061,
      1067.338150716406,
      566.3115163676445,
      702.6662997475779,
      745.451092332807,
      651.2523932025586,
      630.7060127085538
    ],
    "[#1:1]-[#6X3:2]~[*:3]": [
      275.5814490687756,
      278.4923051619791,
      271.17642632713773,
      279.8806064615504,
      271.08306386515324,
      269.65321976307104,
      271.66372349505485,
      275.42054304807516,
      281.4314443874544,
      275.9417246934694,
      272.4665085130094,
      274.91539704499314,
      259.4270313250536,
      260.1097540893589
    ],
    "[*:1]-[#8:2]-[*:3]": [
      1308.7353359174024
    ],
    "[*:1]~[#7X3$(*~[#6X3,#6X2,#7X2+0]):2]~[*:3]": [
      638.8916304581451,
      678.5848771797623,
      562.520027961235
    ],
    "[*:1]~[#6X4:2]-[*:3]": [
      495.66013697477024,
      495.66013697477024,
      495.66013697477024,
      462.4772350674889,
      462.4772350674889,
      462.4772350674889
    ],
    "[#1:1]-[#6X4:2]-[#1:3]": [
      304.4310582238083,
      304.4310582238083,
      304.4310582238083,
      365.21598046657533,
      365.21598046657533,
      365.21598046657533
    ]
  }
}